address,zip_code
Benningbroek,1808 KR
Jetlaan 816Holwierde,8779 EM
Oss,4893 FF
Nadiaring 992Slagharen,6189 BM
Overveen,7766 ZG
Heeze,7245 NT
Terherne,2764 NQ
Mustafaweg 488Taarlo,9748 BY
Sonnega,1849 ZL
Aliciaring 665Windraak,9673 IW
Michaelpad 580Oost West en Middelbeers,8046 PC
Hengelo (Gld),3031 QF
Kapelle,1383 PV
Hedikhuizen,1075 IH
Rafboulevard 8Wetsens,8369 HA
Wouterlaan 310Zenderen,5715 FY
Sint Anthonis,4530 IS
Luuklaan 729Sint Maartensbrug,1004 CX
Haulerwijk,9401 UO
Wesleyring 2Roggel,8737 ZN
Eagum,6371 NU
Harbrinkhoek,2660 FA
Demidreef 8Gellicum,7535 LE
Alteveer gem Hoogeveen,7439 AF
Sprang-Capelle,9083 EO
Tzum,4158 HQ
Jelsum,1363 VZ
Ledeacker,2373 KH
Yarasteeg 3Meerkerk,1042 JK
Eck en Wiel,6427 KH
Pimlaan 2Grevenbicht,4405 BJ
Isabelboulevard 678Scharmer,7046 UC
Jacksingel 78Hoek,3829 RX
Hiddestraat 10Woldendorp,3858 DM
Toornwerd,7736 AR
Megen,2057 JX
De Bult,1165 XY
Zoeyhof 93Ossenwaard,1935 HC
Thomashof 947Smakt,9573 OR
Farmsum,3249 ZT
Xavisteeg 8Sondel,7625 BF
Benjaminpad 02Wjelsryp,5064 KZ
Maraboulevard 490Spanbroek,3061 AN
Doniaga,7228 UV
Ellertshaar,5815 UA
Miabaan 4Nijbroek,1546 ZT
Lemelerveld,4120 II
Klooster Lidlum,6453 IQ
Timodreef 4Dussen,8875 PX
Joshuabaan 1Boer,1377 KT
Demen,6412 YG
Sarasteeg 6Snikzwaag,6987 DJ
Castelre,1699 YX
Kropswolde,4410 EA
Kommerzijl,8715 XR
Ellewoutsdijk,6587 WG
Oranje,1397 YV
Megandreef 0Lemmer,1457 IU
Mook,7999 MD
Ayasteeg 4Aalsmeerderbrug,6535 VA
Brandwijk,6661 RY
Casperdreef 0Katwoude,8450 UL
Westerland,3828 DI
Angelinabaan 489Nieuw-Beijerland,2981 IT
Renkum,5122 NK
Maasbree,1342 QU
Daandreef 97Wichmond,3834 OC
Muiden,5404 FP
Koudekerke,3865 KM
Kianboulevard 711Westknollendam,6806 EI
Tylerweg 431Babyloniënbroek,2986 BN
Lizzyboulevard 0Heerlen,5706 LA
Thijmenlaan 59Twello,9650 RZ
Quinnsteeg 939Bad Nieuweschans,7289 ZR
Joëlring 7Almkerk,9591 VV
Zutphen,8281 PN
Born,3064 SA
Oudeschans,1611 PR
Laren,7887 PE
Peest,8676 FG
Blokker,2974 AP
Beaupad 85Sint Pancras,5929 BH
Sethpad 42Klooster Lidlum,5977 NM
Naaldwijk,1295 PP
Uitwellingerga,5632 WD
Noordwijkerhout,2096 FH
Aldtsjerk,4521 QG
Matthijssteeg 0Sappemeer,2990 TG
Feddehof 39Eys,8477 IC
Ledeacker,2862 ZC
Bierum,1476 SG
Schiphol-Rijk,5226 ZN
Evapad 130Ubbena,9174 IX
Mickweg 35Vijlen,2486 HB
Oostwoud,9973 LF
Zweeloo,7736 WK
Witte Paarden,1794 IO
Lexhof 7Woldendorp,1296 KP
Beesd,1564 FW
Neerijnen,5886 OM
Mariaweg 97Goutum,7897 OI
Sennapad 054Hoensbroek,6748 IC
Luyksgestel,3487 EG
Riethoven,6719 UJ
Engwierum,6540 HF
Hapert,7209 YJ
Scharendijke,5391 QJ
Goes,7234 CC
Bemmel,1819 CJ
Benbaan 505Heeswijk-Dinther,8724 SW
Waterhuizen,2533 AS
Zeeland,7228 JR
Nijeholtpade,8880 OV
Koudum,7702 LP
Bentveld,9769 IZ
Lottesingel 7Dearsum,8991 BC
Vledderveen,5135 RO
Obbicht,3849 CH
Den Bommel,9074 QH
Geerdijk,2328 WD
Jolijnsingel 7Tuitjenhorn,7373 HP
Ashleystraat 958Rouveen,3410 XJ
Catolaan 94Balgoij,1179 WN
Jaydenstraat 01Twijzel,2713 YF
Asten,1383 BV
Rikweg 540Cromvoirt,8021 RB
Berathof 75Enspijk,4264 UU
Houwerzijl,1485 TG
Knegsel,1624 QZ
Ohé en Laak,4816 BQ
Chloëboulevard 45Hoorn,9303 NY
Raamsdonk,2569 HN
Pesse,5889 UD
Brampad 3Eagum,2139 DG
Garmerwolde,4784 KL
Bitgum,2883 HU
Mettering 74Dalfsen,7315 VE
Saaksum,1019 JA
Aydenstraat 9Ter Aar,3407 AP
Julianstraat 8Ell,2106 CU
Nispen,4809 QU
Ruinerwold,1276 VJ
Midwolde,4679 PW
De Bult,2864 CS
Zoëhof 37Westkapelle,8206 PV
Epse,8326 NW
Chaam,6805 JX
Wintelre,5167 LR
Aminaboulevard 9Harich,3632 NX
Ayabaan 2Nederasselt,3444 NJ
Faysingel 06Wilsum,3196 MA
Nunhem,3043 RD
Strijbeek,1501 RQ
Waardhuizen,6903 BN
Teuge,7938 MU
Matsweg 6Teerns,8044 JN
Tjalleberd,3220 WD
Elizahof 2Alteveer gem Hoogeveen,6452 BP
Stanweg 45Budel-Dorplein,6389 OE
Netersel,6636 RU
Haastrecht,5328 QJ
Ossendrecht,1344 EO
Ninthering 548Mookhoek,3708 AI
Imransingel 20Stiens,7279 WQ
Meikering 7Kolhorn,7174 DQ
Boijl,4691 IS
Benboulevard 84Puth,1656 KJ
Masonbaan 680Neeritter,6707 IR
Rockanje,9286 WX
Isalaan 328Steyl,4673 YB
Vlieland,1270 XV
Olafsingel 296Zegveld,7599 JU
Nieuwersluis,5053 BN
Lottehof 279Burgum,1664 CZ
Zuiddorpe,6928 HK
Leonsingel 834Sint Joost,3698 VF
Sylviehof 078Zeijen,4996 SS
Ursem,3423 SK
Doldersum,9075 LH
Teroele,5110 HC
Gelselaar,2019 TH
Ommen,3987 KP
Sterreweg 520Akersloot,9483 SF
Siebengewald,9773 TQ
Nuth,3526 WY
Jetweg 9Elahuizen,3316 KU
Valburg,1550 WQ
Eexterveenschekanaal,8598 OI
Simonweg 584Hee,8254 DF
Siennadreef 261Rossum,4471 XG
Zandvoort,7603 AS
Wieringerwerf,1247 MU
Merkelbeek,1373 PZ
Oosterwolde,5386 OR
Sarabaan 27Babberich,9347 MZ
Wolfheze,6604 AT
Maryamstraat 24Oosthuizen,6765 QC
Amirasteeg 0Wijnbergen,5954 GN
